<?xml version="1.0" encoding="UTF-8"?>
<project-private xmlns="http://www.netbeans.org/ns/project-private/1">
    <editor-bookmarks xmlns="http://www.netbeans.org/ns/editor-bookmarks/2" lastBookmarkId="0"/>
    <open-files xmlns="http://www.netbeans.org/ns/projectui-open-files/2">
        <group>
            <file>file:/C:/Users/Enrique/Documents/Principios%20de%20construccion%20de%20software/proyecto/proyectoCADI/src/businesslogic/DAOClasses/ActividadDAO.java</file>
            <file>file:/C:/Users/Enrique/Documents/Principios%20de%20construccion%20de%20software/proyecto/proyectoCADI/src/businesslogic/DAOClasses/ReservacionDAO.java</file>
            <file>file:/C:/Users/Enrique/Documents/Principios%20de%20construccion%20de%20software/proyecto/proyectoCADI/src/gui/Login.java</file>
            <file>file:/C:/Users/Enrique/Documents/Principios%20de%20construccion%20de%20software/proyecto/proyectoCADI/src/gui/MenuActividad.java</file>
            <file>file:/C:/Users/Enrique/Documents/Principios%20de%20construccion%20de%20software/proyecto/proyectoCADI/src/gui/RealizarReservacion.java</file>
            <file>file:/C:/Users/Enrique/Documents/Principios%20de%20construccion%20de%20software/proyecto/proyectoCADI/src/dataaccess/ConexionBD.java</file>
        </group>
    </open-files>
</project-private>
